metric,value
IC_mean,-0.020827083578418663
IC_std,0.46242413001486754
IR,-0.04503892039057098
LS_mean,-0.001206204931967845
LS_std,0.171305306263055
SR_monthly,-0.007041258430813617
SR_annual,-0.02439163470278378
